{
	"VersionTitle": "1.0",
	"Vietnamese": [
		{
		"Title": "Tải Video Từ URL",
		"Title2": "Phiên Bản: ",
		"Title3": "Dán/Nhập URL Video Cần Tải",
		"Title4": "Dán/Nhập URL Video Youtube Cần Tải ",
		"Title5": "Chọn Chế Độ [1] Tải Video Bằng URL | [2] Tải Video Youtube Bằng URL ",
		"Title6": "Đặt Tên Cho File Tải Về:",
		"TitleSucess": "Đã Tải Xong",
		"TitleFailed": "Lỗi !",
		"TextRestart1": "Chương Trình Cần Khởi Động Lại"
		}
	],
	"English": [
		{
		"Title": "Download Video From Url",
		"Title2": "Version: ",
		"Title3": "Paste/Enter Video URL To Download",
		"Title4": "Paste/Enter Youtube Video URL To Download ",
		"Title5": "Select Mode [1] Download Video By URL | [2] Download Youtube Videos By URL",
		"Title6": "Name the Download File:",
		"TitleSucess": "Download Done!",
		"TitleFailed": "Error !",
		"TextRestart1": "Program Needs Restart"
		}
	],
	"Custom": [
		{
		"Title": "Download Video From Url", 
		"Title2": "Version: ",
		"Title3": "Paste/Enter Video URL To Download",
		"Title4": "Paste/Enter Youtube Video URL To Download ",
		"Title5": "Select Mode [1] Download Video By URL | [2] Download Youtube Videos By URL",
		"Title6": "Name the Download File:",
		"TitleSucess": "Download Done!",
		"TitleFailed": "Error !",
		"TextRestart1": "Program Needs Restart"
		}
	]
}